name,type,start_time,duration,"address","data","count"
"I2C Transactions","hi2c",0.20712,4.9e-05,"0x1d","0x0",0x0000000000000001
"I2C Transactions","hi2c",0.208116,5.3e-05,"0x1d","0x20",0x0000000000000001
"I2C Transactions","hi2c",0.209126,4.9e-05,"0x1d","0x81",0x0000000000000001
"I2C Transactions","hi2c",0.210093,0.002643,"0x1d","0xf, 0x2, 0x0, 0xf, 0x2, 0x0, 0xf, 0x2, 0x0, 0xf, 0x2, 0x0, 0xf, 0x2, 0x0, 0xf, 0x2, 0x0, 0xf, 0x2, 0x0, 0xf, 0x2, 0x0, 0xf, 0x2, 0x0, 0xf, 0x2, 0x0, 0xf, 0x2, 0x0, 0xf, 0x2, 0x0, 0xf, 0x2, 0x0, 0xf, 0x2, 0x0, 0xf, 0x2, 0x0, 0xf, 0x2, 0x0, 0xf, 0x2, 0x0, 0xf, 0x2, 0x0, 0xf, 0x2, 0x0, 0xf, 0x2, 0x0, 0xf, 0x2, 0x0, 0xf, 0x2, 0x0, 0xf, 0x2, 0x0, 0xf, 0x2, 0x0, 0xf, 0x2, 0x0, 0xf, 0x2, 0x0, 0xf, 0x2, 0x0, 0xf, 0x2, 0x0, 0xf, 0x2, 0x0, 0xf, 0x2, 0x0, 0xf, 0x2, 0x0, 0xf, 0x2, 0x0",0x0000000000000060
"I2C Transactions","hi2c",1.212094,4.9e-05,"0x1d","0x0",0x0000000000000001
"I2C Transactions","hi2c",1.212152,5.3e-05,"0x1d","0x20",0x0000000000000001
"I2C Transactions","hi2c",1.212221,5e-05,"0x1d","0x81",0x0000000000000001
"I2C Transactions","hi2c",1.212279,0.00264,"0x1d","0xf, 0x2, 0x0, 0xf, 0x2, 0x0, 0xf, 0x2, 0x0, 0xf, 0x2, 0x0, 0xf, 0x2, 0x0, 0xf, 0x2, 0x0, 0xf, 0x2, 0x0, 0xf, 0x2, 0x0, 0xf, 0x2, 0x0, 0xf, 0x2, 0x0, 0xf, 0x2, 0x0, 0xf, 0x2, 0x0, 0xf, 0x2, 0x0, 0xf, 0x2, 0x0, 0xf, 0x2, 0x0, 0xf, 0x2, 0x0, 0xf, 0x2, 0x0, 0xf, 0x2, 0x0, 0xf, 0x2, 0x0, 0xf, 0x2, 0x0, 0xf, 0x2, 0x0, 0xf, 0x2, 0x0, 0xf, 0x2, 0x0, 0xf, 0x2, 0x0, 0xf, 0x2, 0x0, 0xf, 0x2, 0x0, 0xf, 0x2, 0x0, 0xf, 0x2, 0x0, 0xf, 0x2, 0x0, 0xf, 0x2, 0x0, 0xf, 0x2, 0x0, 0xf, 0x2, 0x1",0x0000000000000060
"I2C Transactions","hi2c",2.215069,4.9e-05,"0x1d","0x0",0x0000000000000001
"I2C Transactions","hi2c",2.215126,5.3e-05,"0x1d","0x20",0x0000000000000001
"I2C Transactions","hi2c",2.215197,4.9e-05,"0x1d","0x81",0x0000000000000001
"I2C Transactions","hi2c",2.215254,0.004626,"0x1d","0xf, 0x2, 0x0, 0xf, 0x2, 0x0, 0xf, 0x2, 0x0, 0xf, 0x2, 0x0, 0xf, 0x2, 0x0, 0xf, 0x2, 0x0, 0xf, 0x2, 0x0, 0xf, 0x2, 0x0, 0xf, 0x2, 0x0, 0xf, 0x2, 0x0, 0xf, 0x2, 0x0, 0xf, 0x2, 0x0, 0xf, 0x2, 0x1, 0xf, 0x2, 0x0, 0xf, 0x2, 0x1, 0xf, 0x2, 0x1, 0xf, 0x2, 0x1, 0xf, 0x2, 0x0, 0xf, 0x2, 0x0, 0xf, 0x2, 0x0, 0xf, 0x2, 0x0, 0xf, 0x2, 0x0, 0xf, 0x2, 0x0, 0xf, 0x2, 0x0, 0xf, 0x2, 0x1, 0xf, 0x2, 0x0, 0xf, 0x2, 0x0, 0xf, 0x2, 0x0, 0xf, 0x2, 0x1, 0xf, 0x2, 0x0, 0xf, 0x2, 0x0, 0xf, 0x2, 0x1",0x0000000000000060
