name,type,start_time,duration,"address","data","count"
"I2C Transactions","hi2c",0.77998,5e-05,"0x1d","0x0",0x0000000000000001
"I2C Transactions","hi2c",0.780376,5.3e-05,"0x1d","0x20",0x0000000000000001
"I2C Transactions","hi2c",0.780446,4.9e-05,"0x1d","0x81",0x0000000000000001
"I2C Transactions","hi2c",0.780503,0.00264,"0x1d","0xf4, 0x9, 0x8, 0xf4, 0x8, 0x9, 0xf4, 0x8, 0x7, 0xf5, 0x9, 0x7, 0xf4, 0x8, 0x8, 0xf4, 0x8, 0x8, 0xf5, 0x8, 0x7, 0xf4, 0x8, 0x8, 0xf4, 0x8, 0x9, 0xf4, 0x8, 0x7, 0xf4, 0x9, 0x7, 0xf4, 0x8, 0x8, 0xf4, 0x8, 0x8, 0xf4, 0x9, 0x7, 0xf4, 0x8, 0x8, 0xf4, 0x8, 0x8, 0xf4, 0x8, 0x7, 0xf4, 0x9, 0x7, 0xf4, 0x8, 0x9, 0xf4, 0x8, 0x7, 0xf4, 0x9, 0x7, 0xf4, 0x9, 0x8, 0xf4, 0x8, 0x8, 0xf5, 0x8, 0x7, 0xf4, 0x8, 0x8, 0xf4, 0x8, 0x8, 0xf4, 0x8, 0x7, 0xf5, 0x9, 0x7, 0xf4, 0x9, 0x8, 0xf4, 0x8, 0x8, 0xf4, 0x8, 0x7, 0xf5, 0x8, 0x7",0x0000000000000060
"I2C Transactions","hi2c",2.104073,4.9e-05,"0x1d","0x0",0x0000000000000001
"I2C Transactions","hi2c",2.10413,5.3e-05,"0x1d","0x20",0x0000000000000001
"I2C Transactions","hi2c",2.1042,4.9e-05,"0x1d","0x81",0x0000000000000001
"I2C Transactions","hi2c",2.104257,0.002647,"0x1d","0xf4, 0x8, 0x8, 0xf5, 0x9, 0x7, 0xf4, 0x8, 0x8, 0xf4, 0x8, 0x8, 0xf4, 0x8, 0x7, 0xf4, 0x9, 0x8, 0xf4, 0x8, 0x9, 0xf4, 0x8, 0x7, 0xf5, 0x9, 0x7, 0xf4, 0x8, 0x8, 0xf4, 0x8, 0x8, 0xf4, 0x8, 0x7, 0xf5, 0x8, 0x8, 0xf4, 0x8, 0x8, 0xf4, 0x8, 0x7, 0xf5, 0x9, 0x7, 0xf4, 0x8, 0x8, 0xf4, 0x8, 0x8, 0xf5, 0x9, 0x7, 0xf4, 0x8, 0x8, 0xf4, 0x8, 0x8, 0xf4, 0x8, 0x7, 0xf5, 0x9, 0x7, 0xf4, 0x8, 0x9, 0xf4, 0x8, 0x8, 0xf5, 0x9, 0x7, 0xf4, 0x8, 0x8, 0xf4, 0x8, 0x8, 0xf4, 0x8, 0x7, 0xf4, 0x8, 0x8, 0xf4, 0x8, 0x9, 0xf4, 0x8, 0x7",0x0000000000000060
"I2C Transactions","hi2c",3.440288,4.9e-05,"0x1d","0x0",0x0000000000000001
"I2C Transactions","hi2c",3.440345,5.3e-05,"0x1d","0x20",0x0000000000000001
"I2C Transactions","hi2c",3.440416,4.9e-05,"0x1d","0x81",0x0000000000000001
"I2C Transactions","hi2c",3.440473,0.002641,"0x1d","0xf5, 0x9, 0x7, 0xf4, 0x9, 0x8, 0xf4, 0x8, 0x8, 0xf4, 0x8, 0x8, 0xf4, 0x8, 0x8, 0xf4, 0x8, 0x8, 0xf4, 0x8, 0x8, 0xf4, 0x8, 0x8, 0xf4, 0x9, 0x8, 0xf4, 0x8, 0x8, 0xf4, 0x8, 0x8, 0xf4, 0x8, 0x8, 0xf4, 0x8, 0x8, 0xf4, 0x8, 0x8, 0xf4, 0x8, 0x8, 0xf4, 0x8, 0x8, 0xf4, 0x9, 0x8, 0xf4, 0x8, 0x8, 0xf4, 0x9, 0x8, 0xf4, 0x8, 0x8, 0xf4, 0x8, 0x8, 0xf4, 0x8, 0x8, 0xf4, 0x8, 0x8, 0xf4, 0x8, 0x8, 0xf4, 0x8, 0x8, 0xf4, 0x9, 0x8, 0xf4, 0x9, 0x8, 0xf4, 0x8, 0x8, 0xf4, 0x8, 0x8, 0xf4, 0x8, 0x8, 0xf4, 0x8, 0x8, 0xf4, 0x8, 0x8",0x0000000000000060
